NAMA,GENDER
ORIZA ZEA SABRINA,P
AYU AGA PUTRI,P
SUSYANTO,L
YAHUDIN,L
WAGIMAN,L
NARYO SUMPENO,L
HERLINA MULYA SARI,P
IDUWARSYAH,L
ACHMADSYAH PUTRA,L
LISNAWARTI,P
ARISANTI,P
EKA WINARTI,P
ENI NUGRAENI,P
AGUS RUSDIANTO,L
ARIF HIDAYAT,L
RINI SAFITRI,P
MERI ANGRAINI,P
M.EKO,L
SUARDI,L
RAJIMAN,L
NOVI MUTMAINAH,P
ARIEF PRAWIRA,L
AFRIDAYANTI,P
MISTIANI,P
M. YUNUS,L
NURMA WATY,P
TRI ASTUTI,P
RIRIN DEBORA BUTAR BUTAR,P
RADIMAN,L
HENDRA HAMONANGAN NAPITUPULU,L
IRMA YUNITA HARAHAP,P
MEIZY ANTHONIE,L
SUPARYANTO,L
SUPRIHATIN,P
DENI SALEH,L
AAN WAHYUDI,L
FRANSISCA ARSINTYA IKE PUSPITA,P
LUTFHIE ANDRIAN,L
SANTIKA,P
V. FREDY ADHY WIBOWO,L
LINA KRISTIANI,P
SURIP,L
SAWIYEM,P
AYU SURYANI NURHASANAH,P
RADI YANTO,L
ERNAWATI,P
RIA EKA NOVITA SARI,P
SUKISNO,L
LASMANA KUSUMA,L
INDRA ALIANA,L
SUIS TUGINANTUN,P
MIKO OKARNA,L
ZULKARNAIN,L
RELIN YULANDARI,P
RUSMIATI,P
TUKIRAN HP,L
AFFIF NUGROHO BUDIARTO,L
WINDI ASTUTI,P
RUDI PRABOWO,L
NURDAINI,P
MUHGNI SODIKIN,L
SAMSUL HIDAYAT,L
CICA RODIYATI,P
BERNADUS TONY CHRISTIONO,L
VERONICA RATNA APRILIA,P
ANANG SURYANTO,L
SUPARDI,L
NANA SURYANI,P
YOHANES GINANJAR WIDIANTO,L
YASHINTA DEWI RIEL UTAMI,P
VALENTINA MAHARANI INDAH PRATIWI,P
ELIZABET PAMUNGKAS YULIATI,P
NOVRIYADI YEHEZKIEL SIMANJUNTAK,L
OLOAN SIMANJUNTAK,L
AMOY SIMAMORA,P
APANDI PARWANTO,L
SUKAMDI,L
JUMINTEN,P
SUPARNO,L
RITA ARMA,P
RIZKI INDAH PRATIWI,P
YUSLAN,L
WAGIYEM,P
YUSTINA MUSLIM,P
ISMAN,L
YUTYA MAYDILA,P
TUGI ASTUTI,P
AGUS SUTRISNO,L
PURWANTI PRIHATININGSIH,P
PANGIHUTAN PANJAITAN,L
CHRISTIAN PANJAITAN,L
FITRI HARIANI,P
ZEVANI OLIVIA P,P
GRATI FIONO  S.PKP,L
URANG WINDU,L
SUPARMI,P
CAHAYA ARWANA,P
KAMIJAN,L
WASTINAH,P
SAROSO,L
KAWIYEM,P
NANANG SUTEJO,L
INDRAYATI,P
DEWI DARYANAH,P
ALI MULYADI,L
YATIMAN,L
MARSEH,P
HARYANTO AMANU,L
BERTI HERLINA,P
PARMIN,L
SUHARMI,P
MAHYUDIN,L
CKRISNA HANGGARA,L
FITRA ARDIYANSYAH,L
TITIK SUGIARTI,P
JAMIYO,L
SUPARTINI,P
HAYATRI WULANDARI,P
SUPENO,L
FAUZI RAKHMA,P
LIDIA PERTIWI,P
TAUFIK HIDAYAT,L
AGUSTINUS HARGO PRAMUDYA,L
MARIA PRIMA SOTYANING PRAMUDYA,P
GABRIELA KINANTHI CAHYANING PR,P
YUSTINA WIDJI MIARTI,P
RIDHO FADHOLA AKBAR ROHMAD,L
MUHAMAD ROHMAD,L
ANANG HUSEIN RAHMAT SAPUTRA,L
SUWARTINI,P
MARIA DIAJENG RAHMAD SAPUTRI,P
KUKUH DHINA RAHMADILLA,P
ECI MURTI NINGSIH,P
HUZLIM,L
D. HAMDANI. NK,L
EUIS NUR FARIDAH,P
SUPARTI,P
HENDRA PARTIKA,L
AHMAD SOBARI,L
SRI RAMADHANI SYARMA,P
BUDDY SUSETYO,L
GUSTI RINI SETIAWATI,P
RITATI,P
SENA WIRABUWANA,L
WIDOJONO,L
FRISMA AMBARWATI,P
GIRANG FITRIA PRATIWI,P
SEPIARNI,P
F. SUYANTO,L
GALUH ARUM ADRI,P
RUSNAYANTI,P
RAHMAD IRAWAN,L
SEPTIAN,L
RAJIMAN,L
ELLY SULIATI,P
AGUNG NUGROHO,L
ANDRIAS WIJAYA,L
TUKIMAN,L
WINARTI,P
SUPRIYO,L
YATINI,P
MUJIONO,L
PARTINEM,P
KAROLIN OKTARIA,P
EMIWATI RUSNI,P
AMELIA REGA PURNAMA,P
NGADIRAN,L
JUMIEM,P
SOFIANSYAH,L
IKHSAN RIZQI PRATAMA,L
NUNUNG TASMINI,P
KHUSNA ADINA KHOLIS,L
SUMARNO,L
SUKATMI,P
FITRI HIDAYAT,P
TUMILAH,P
HERI SUYANTO,L
QURROTUL AINI,P
ROHANA,P
PETRUS PRANTIMAN,L
AGATHA PRADNAS SWASTIEKA WULANDARI,P
EMY LIANA SULISTYANINGSIH,P
CHRISTIANA BARIAH,P
AGUNG MULYANA,L
LILIS MAINI,P
SISWANTO.SE,L
FENNY FEBRIANI,P
SLAMET DARMADI,L
SUDARTI,P
BARON FERDIYANTO,L
YATIM,L
MAIMUNAH,P
CITRA KURNIA ANGGRAINI,P
IHSAN KURNIAWAN,L
SUMARNO,L
KUMIJEM,P
FAUZI,L
SUHARNI,P
BUDI SUPRAPTO,L
PONIJO,L
SUKARJO,L
ETA APRIANTI,P
BIMA ALLIFIO JORDHY,L
ARI RAMADHAN,L
SUSI MARTINA NABABAN,P
SURATMAN,L
KASMINI,P
DEVIN MAHESA PRATAMA,L
SUJILAH,L
GHEA AGATHA JOJOBA,P
FITRI HERAWATI,P
YULIA ARMIATI,P
SUMARMI,P
MARDIYANTO,L
ALI BAHMADA,L
SEFRI TANTO,L
DARMAWATI,P
SUJONO,L
AMINAH,P
SUROTO,L
MUSYAFA,L
RINA YUNIARTI. SE,P
FLORENTINA DIAN KUSUMA WARDANI,P
AGUS AHMADI,L
HERO YUDHA FIRDAUS,L
PUDIN,L
RUBINAH,P
ADEK SURYANI,P
SUPRIYANTI,P
HELMI,L
SUMANDRI,L
ENDANG SUSILAWATI,P
SURADI,L
EMA SUARSINAH KASTUBI,P
BASRI,L
LELA WATI,P
NURYADI,L
JAMIYEM,P
ISOH,P
GOPAR,L
NURTINA,P
JANAH,P
KUMALA SARI,P
ADI FRAMTISNA,L
YOSMAN EFFENDI,L
EKA MARLINDA,P
FIRDAUS,L
SUJIANTI IRBAM.SHI,P
KHELSTIN SIREGAR,P
SRI MARDIANTI,P
M.REZA OKTANANDO,L
BUYUNG AHMADI  S.PD,L
HENNY SULASTRI  S.PD,P
MARDA WANGSA,P
SITI AMINAH,P
FURI MAYANG M.,P
ROMMY ARISANDY,L
SUSTRI,P
SUDIRMAN,L
NURMIMI AZRINA,P
GUNUNG SILITONGA,L
HARI TRIPANTO S.,L
MASLINA SIMANJUNTAK,P
ANDI GUNAWAN,L
ARSYAD HAMZAH,L
M. RICO JUNI YANSA,L
YUSMARTATI,P
ZAHRA NOFRIDAYANI,P
RADEN WIJAYA,L
MIDA HAYATI,P
JUMIRAN,L
ZUBAIDAH,P
MIHAR,P
YETA PRASNI,P
EKI ANDRI ANI,P
GALEH CANDRA WIDIASWORO,L
WENI PUSPITA,P
SELYANA FEBIOLA. A,P
SUNARTO,L
SUGIATI,P
DIAN ANGGRAINI,P
M. SIMANJUNTAK,L
OTRI MARDANI,P
IMAM WAHID,L
MARDIATY SY,P
DJAMALIS,P
RIKI AMANDO,L
FERONICA APRIYANTO,L
RATNAINI,P
CECEP WAHYUDI,L
RAHAYU ELIYAH,P
ADISTI MARIA TAMPUBOLON,P
KRISTIYANTO R,L
TINA,P
ANITA PUSPITA SARI,P
DARMAYANTI,P
MIETHRA TANJUNG,L
SYAFARUDIN,L
RIGE GIETRA SAHYUDI,L
TUDISMAN,L
RIDU LIMA,P
HENDRI,L
HASRATUL AINI,P
AGUNG KURNIAWAN,L
FEBRI PRIA UTAMA,L
RUWAIDI,L
PUJA TRI KARTIKA,P
SUKARTI,P
GUNAWAN,L
DARTI,P
ARPALIN,P
SUNAR JAYA,L
SURYANI,P
AULIA NURHAYANI,P
ERVI YULIANI,P
EVAN YULISTIAN,L
RUDI,L
SUKIANTO,L
RENKI MANTO,L
POLI,L
ARDINEN,L
SUNYA WARTI,P
SELVIA,P
RUSDI EFENDI,L
SUSYANTO,L
VICTORIA  A. MD,L
FAIZAL SAPUTRA,L
RAHIMAH,P
JUNAINI,P
IWAN SAPUTRA,L
NAWAWI,L
BAYU ANDRE ANSYAH,L
RIAN HARIANTI,P
NASRAWATI,P
SARWIN,L
NGATILAH,P
FEBRIANSYAH,L
HULIMAH,P
Mesi,P
ZULFAHMI,L
NURHANAWATI,P
DEMARINA CLAUDIA,P
RIKHA YULIANTI ARSYAD,P
APRIANI NOVENTI,P
SUGIARTI,P
ARISON.S,L
SUGIARTI.S,P
SAIFULLAH,L
FAHRULLAH ANDRIANSYAH,L
HEZNI NOVLINA,P
MAS'ULLAH ANDRIYANI,P
H. FIAOLYA DJHIMO,P
HENDRI FIRMANSYAH  S. PD,L
AZIZAH,P
BUDIMAN,L
JULIYANTI IKKA PUTRI,P
SUDIYEM,P
JONRI DAVID DAMANIK,L
APRIANITA QEEN MONAEVI SIMANJUNTAK,P
IIN AGUSTIAN,L
RORI SEPTIAWAN PUTRA,L
ROSMIATI ZAINI,P
RIZKI ARMITA EKSANTI,P
TAMBUN SIALA NASUTION,L
FAHRU ROZI NASUTION,L
KASIATUL AINI,P
ADE IRMA SURYANI NASUTION,P
ISA HUSENDRI,L
DESSI YULIANTI,P
ARPAN SYAHRUDIN,L
SAHANI,P
TASTI LONSI,P
MOHAMAD NURZAINI,L
MEDI,L
ROMI VERDI ANTO,L
RATNO,L
RATNA WILIS,P
BENI WINARTO,L
LISDAWATI,P
DETARIA SUNATA,L
SUKINEM,P
Yuni Hartati,P
NURAHMAD,L
ZULKARNAINI BURHAN,L
YUSNAINI,P
RICO PUTRA OKTADITYA,L
TRIYONO SUPRIYADI,L
NETI SUPRIYANTI,P
AMIRUDDIN THAUFIEK,L
ELWAN TAUFIQURRAHMAN,L
CAHAYA WATI,P
MULYATI,P
SAPTONO,L
AHMAD JONAIDI,L
DWI SORAYA INDAH RAHMADANI,P
SUSAN DRAWATI,P
CITA RETNO WULANDARI,P
AIDIN,L
ENDANG SAPUTRA,L
PAHRUL ROZI,L
RUSNI,P
ALDRY MEIDIKA PRANATA,L
DENNY ARDIANSYAH,L
DESSY ARRISANDI,P
CINDY EKA PUTRI,P
BIRMANSYAH,L
NANI RAHAYU NINGSIH,P
DUL RAUF,L
SITI SARYAT,P
FERI ADE UTAMA,L
DANI AGUS WIJAYANTO,L
SLAMET,L
FITRIANA DEWI,P
SUMIRAH,P
BOY ARI SANDI,L
MARISYA LISTIANA,P
SUSANTO,L
SUSANTI,P
YUSRIZAL,L
YOGA OKTA PRATAMA,L
NIZ SUHAINIAH,P
WARSITO DJOKO SANYOTO,L
HERRI YODIANTO,L
GUSTI ARIANI,L
PUTRA MAHARDIKA,L
INDAH DAMAYANTI,P
HERIYANTI,P
VENZI SEFRIANDI,L
AHMAD KORI,L
DAVID AFRIZAL FERNANDO,L
NAN SALIAH,P
SAPRUDIN,L
WILLY SYAFTIAN,L
RATNA WILIS,P
SUCIPTO  SE,L
ZULYANA,P
PUSPA ARUM KUSUMAWARDANI,P
FERI EFRIYADI,L
SAPARIO,L
RANGGA BANYU PRASETYA,L
DRS.WAKHIDUN.M.PD,L
KESUMAWATI,P
SUROYA AJISOKA HUFFATIRRIZQIE,P
ENUR LAILI,P
HORINA,P
DEDE SUGIARTO,L
YAPASMEN BOERHAN DAHRI,L
EVARINI,P
MERRY ANITA SARY,P
MIRNA YUNITA  MPd,P
RASULI,L
RATDIANA,P
IRLAN SUKI,L
ERVANI,L
MUHAMAD SLAMET,L
AGUS SIHOTANG,L
A. SIHOTANG,L
LISBETH SIMBOLON,P
KRISTIA MONICA SIHOTANG,P
DONY,L
KISTON SILITONGA,L
SORTA ARITONANG,P
DESY,P
ANDREAN CANDRA LESMANA,L
NANANG EGA LESMONO,L
DARNI,P
JONI,L
CANGGIH NOOR ZAMAN,L
HAMBALI,L
AJIAH,P
DARMAWAN SANUSI,L
DEWI PUTRI MONICA,P
YOSI ISNAINI,P
YULYANI,P
SARDI LESMONO,L
LIYO WALDI,L
KARYAWANTO,L
MILDA FITRI D,P
MUHAMMAD AIDIL KURNIAWAN,L
PUTRA NOPRIANTO,L
ADI ATYA,L
MONICA CAHAYATI,P
SAFRIZAL,L
DIMAS ADE SEDAYU,L
DOVAN TAMPUBOLON,L
RUBIYEM,P
KARTINA BAGINDO NURDIN,P
SUSI HARTI,P
AINA RIFKI INGGARNI,P
WASILAH,P
YUSNIATI,P
GUSTI HERIANI,P
WANDA RISKI RAHAYU,P
ARIF NOVENDRI,L
ERINA ANGGRAINI,P
RIKI PUTRA IMAN ABDULLAH,L
RAHMAD PUTRA,L
FARTINI WULANDARI,P
NINUK RIADANTI,P
SIWI ESTRI PANGESTU,P
WAWAN,L
SUSAN NIA,P
GAJAH MADA,L
SUSAN NITA,P
JURI,L
FEBI GUSTARI,L
RIKI NELZON,L
TITING SUMARNINGSIH,P
SUWIRTO,L
HERI SUSANTO,L
KRENIWATI,P
MAGFIRA ANGGRAINI,P
REZKY RAHAYU PUTRI,P
YOGA MIRZA PRATAMA,L
ZAIDIN,L
MISLAINI,P
JAYUSMAN,L
SULASTRI,P
SAEFUDIN,L
LIANA,P
SUTINI,P
INDRA GUNAWAN,L
HERI APRIYANTO,L
JUMADI,L
SUBKI,L
SOPAH,P
FITRIA NINGSIH,P
JUNAIDI,L
SAMSUL BAHRI,L
ZAINAL,L
LENI OKTAVIA,P
JUMIATI,P
TRECYA HERTI MARYATI,P
NELLI ERISUSANTI,P
NELI SUMARSIH,P
VINCENTIUS GESANG SAMUDRA,L
MARIA ANGELA SYLVISTA SARI,P
ROSADELIMA TARIMANINGSIH,P
SUNARSIH,P
DEDI CHANDRA,L
ZAINUDDIN,L
MIARTI,P
DOFAN TAMPUBOLON,L
YEPERSON TAMPUBOLON,L
RODINA NAINGGOLAN,P
YETRI ELDA TAMPUBOLON,P
SAPARMAN JAYADI,L
ELVI SOFITA,P
DHENNY IMRON,L
SUARNO,L
WARSITO,L
DAHLIA JULITA,P
SUMARDIANSYAH,L
NIKEN MIRAHAYU,P
DIAN NOVIANI,P
AGUS ANDI YANTO,L
IUS FERRY SANJAYA. S,L
TERBI TAMPUBOLON,P
YOHANA ENJELINA SIMANJUNTAK,P
CHEPY INDRA SUKMANA,L
MARIA WINDA PAWESTRI,P
ANDREAS HENDRI LISTIANTO,L
NUR SUCIANTO,L
HERNI KAMARIAH,P
EFREDI SABIRIN,L
ANDREAS AGUNG PRASETYO,L
CHATARINA NGADIYEM,P
MONIKA RESTUNINGTYAS UTAMI,P
HITLER NAINGGOLAN,L
LINCE.S TAMBUNAN,P
WIWI ANGELA RAIMUNDA NAINGGOLAN,P
CICI LETISIA NAINGGOLAN,P
ENDIS SUNANDAR,L
ERWIN SAPUTRA,L
RAMMANI,P
KATHERINE MEYLANI OSWARI,P
FARIDA,P
SYAMSUL BAHRI,L
TONI HARDI,L
RAMLAN,P
MARLINA,P
RUSLIAN,L
SEPTI HARTINI,P
SELYA DESTAMA RUSLI,P
ANDAR EPAS SAMUDRO,L
HARYADI,L
YUSNIMAR,P
RINI PUSPITA,P
BUDI PRAYETNO,L
SURYANTI,P
JOKO SUSILO,L
PRATIWI OKTAVIANA,P
DEWI RIMBA,P
BENNY SAPUTRA,L
FEBRIEANSYAH CAHYA UTAMA,L
TURSINAWATI,P
BAGUS AJI RAMADHAN,L
ACHMAD SALEH,L
GITA ABI SUSENO,L
LENNY APRIL YANA,P
SUSANTI KARPENI,P
EWANG MULYANA,L
MIMI UTAMI,P
ENDO KERSANDONA,L
SUSYANTO,L
FADILA MUJAHIDAH,P
MAHMUDAH,P
RIANTO,L
DWI PURWANTO,L
SUDILAH,P
SARDIONO,L
SUKATNO,L
NGATIYEM,P
MUGIANTO,L
ELI ASTUTI,P
PAIDI,L
YAHMI,P
SUYANTO,L
PAINI,P
BUDI HARYANTO,L
YESMANITA JULIARTI,P
ATIKA HARDINI,P
TRIA APRIANI,L
TOMI APRIANJALU,L
AL HAZARI,L
DONAL  SE,L
NURHAYATI,P
LUSIANA,P
YAHUDA RININTHA WIJAYA,L
NIHARTI WARNIA,P
AGUS SULISTIONO,L
HABIB JUFRIKA ARIFANDI,L
MEIRISTA EKA ANDARINI,P
RAGAM SANTIKA PUTRA,L
BINTARA SANTIKA PUTRA,L
NONIH SANTIKA PERTIWI,P
SURYATI,P
SUPARJI,L
DWI ADHIYAKSA,L
ANDI NUR CAHYO,L
PATONAH,P
WILSON RANGKANG,L
DORTJE RANGKANG,P
MINCE RANGKANG,P
ERNI SARI,P
WINARNI,P
AMAR PERMADI,L
AMSY THOYIB BILKHAIR,L
ANGELINA ASTRID,P
ANTONIUS PARJO,L
AYU YULIA PURIMA,P
AZIZ HAMIDI,L
AZIZ SUHENDRI,L
DARMANTO,L
DETE KURNIAWAN SAPUTRA,L
DEWI KRISTIN NINGRUM,P
DIAH SUTRIANINGSIH,P
EKA AGUSTIN,P
EKO SUSANTO,L
ENDANG SETIYANINGSIH,P
EXVANTO,L
FITRI SETIANI,P
GUNAWAN,L
HENI WIJAYANTI,P
HOTIMAWATI,P
JAUHARI,L
JUMADI,L
KADENI,L
KARTIMAH,P
LIDIA LISTANTI,P
LIMAN,L
LISTIAH,P
LYA SEPPITASARI,P
MANTEB TUGIANTO,L
MARIANI,P
MARWANTO,L
MISROIN SALEH,L
MUHIMAH,P
MURDIATI,P
MURYONO,L
NASIATI,P
NOVIANDI,L
NURHAYATI,P
OCTAVIA DEWI. K,P
PAIDI,L
PAINI,P
RESEMPTUS SANJAYA SUJATMIKO,L
ROHAYANI,P
RULIA,P
S. ADHIKA SAPTA WINDU,L
SALMA DWI APRILIA,P
SALMAIDA,P
SARTINEM,P
SARTINI,P
SAYUTI,L
SOLIKHIN,L
SUDARMO,L
SUPARMAN,L
SUTRIATI,P
THOMAS SUYATNO,L
TRI MURDIYANTI,P
TUKIRAN,L
TUKIYEM,P
TULUS BASUKI,L
WARSINAH,P
WARYATI,P
WINA APRILIANI,P
Y. SRI SULASTRI,P
ZELPI,L
SYAHRIL,L
SURIYATI,P
RETNO PUTRA,L
TUTRIANI,P
MILA SUEIANI,P
MEILIZA CECILIA,P
SEPTI MELIANA,P
TOLIIN,L
HALIMAH,P
RISKI AYU SORAYA,P
ANDRI PUSPADIKRAMA,L
EEN,P
ISMAIL ABUNAWAR,L
SURYA BAKTI,L
ISMAIL,L
MUHAMMAD YUNUS,L
RUK HAYATI,P
A. RAHMAN SUPRIYADI,L
SURYATI,P
SIDI SAFRIZAL CHAN,L
M.RIZAL AKBAR PRATAMA,L
AYU WULANDARI,P
FOUNDHA YULIANA.A,P
MUHAMMAD SYOEKRI,L
ENDRI ALFIANSYAH,L
NADYA CLARITA BITA,P
YULIANAH,P
M. RIDHO ILHAMDI,L
YUSMANTORO,L
RINNY WULANDARI,P
HERIYANTO,L
SAFRIZAL,L
DWI JANARTO,L
FERA SUSANTI,P
IWAN S,L
DETI SUMARNI,P
TRI WIDODO,L
SUHERI LEKSONO,L
LILIS SOLIHAH,P
IBRAHIM SALEH,L
ALIVA,P
SOFYAN. A,L
SANTA DENI ARIIYANTO,L
SUSIYEM,P
MARLINDA SARI,P
RINI AGUSTINA,P
KRISWANTO,L
M. RIDWAN  A.MD,L
WAGINAH,P
IBNU HASYIM,L
SANIMAN,L
AZIS AMANUDIN,L
RUKOYAH,P
HUSNA ALFARIDA,P
M. QOSIM  BADRUN,L
KASTINI,P
SULAEHA,P
BAMBANG SUWITO,L
BOIRAH,P
HASMI SUYUTHI,L
DIAN SUSYLA,P
NADIA DWI FORTUNA,P
LOVINA PRIMADICA,P
HARZIM,L
YULI YANTI,P
RUKIYATI,P
KENNY STEWARD PUTRA,L
DALIMIN,L
MARIA NGATINEM,P
RISWAN,L
DETI SUMARNI,P
MUCHTAR,L
MEGAWATI,P
ISMIKO,L
ARIFIN,L
ROSMAWATI,P
ALWI HUSIN,L
MUH. SOFIAN,L
M. PARHAN,L
NUNUNG ROHANA,P
GUSNAYATI,P
DRS. H. YUDIAN RASYID,L
ABDUL WAHAB,L
ILHAM ARIFAH,L
YS. SARIBIN,L
SUPARTI,P
INDRA GUNAWAN,L
ELIANA,P
TUMINAH,P
YANUAR,L
FARIDA ARIYANI,P
LUVI SHERINA ARIYANI,P
RAHYO PRAYOGA,L
KRISTINA SRI SUNDARI,P
SUBIAT  S.PD,L
ENDANG IRIANTI,P
EDMUNDUS AGUS BARNAWI,L
FRANCISKA ASSISI SUTAMI,P
RICKI PRADITA,L
EDI ZUWARDI.AMD,L
M. IKHWAN CIPTADI,L
RIKA NOVADITA  SH,P
AMELIA PUSPITA REMASARI,P
REMANIA,P
SYARIFUDDIN,L
RIKO KOLLINKO,L
AMIRUDDIN DT. R.J. SAMPONO,L
MUFTI AMIR,L
ILAL HAMDI,L
ERNIWATI,P
SRI MELIYANI,P
FADJRIYANTO,L
M. HUSNI TAMRIN,L
ACHMAD ZUL ARIFIN,L
GITA ANDES KOBA,L
ACHMAD YULI,L
SRI HARTATI,P
NOVA TRI WAHYUNI,P
A. RAHMAN MARDIYANTO,L
HELMINA,P
SUTIAH S,P
ZULFIKAR  S.AG,L
HASNATUL SUMARNI S. AG,P
RAHMAD,L
SANI,P
RAMA AMIR,L
RUSIAN EFFENDI,L
NURJANAH,P
ANJAS ASMARA,L
TUMINAH,P
CAHYANI,P
MARSELINUS JUNI SWALADI,L
CORNELIUS ANGGA WIDIPRASETYO,L
BIRGITTA AI HUA,P
IMA CULATA SULARSIH,P
ANHAR,L
NUR JANATI,P
RAHMAWATI,P
UJANG DAHWARI,L
DUTHA AGUNG PRATAMA,L
ZULYANI,P
ABDILLAH,L
RUSPITA HERAWATI,P
MIJANTO,L
TRI ARIANSYAH,L
DARYANTI,P
HASNUL BADRI,L
MURTANI,P
NURHIDAYATI,P
RAHMAD JUNARIA,L
SUSI RAHAYU,P
NENENG KURNIASIH,P
YORDAN YONG. T. WIDIARTOYO,L
YOHANES SINGGA,L
FRANSISKA RATRI WIDIANA,P
YOSEF MARIA VIANI,P
AMIN ABDUL MAJID,L
MASRIKAN,L
NURHASANAH,P
MARSIYEM,P
SITI FATHONAH,P
ALWI ABDULLAH,L
KASIMIN,L
RAMLAN,L
SYARKOWI,L
SITI MASINAH,P
HERI KISWANTO,L
YANTO,L
RAMADANI,L
TONI SUSANTO,L
AGUSNI,P
YUNAIDI,L
HERAWATI,P
AMRIN MUNTHAHA,L
ELDA EFRIANI NABABAN,P
FREDI AGANIS,L
ASMANIAR,P
HASNAH,P
AMIR RUDIN,L
DARWIN,L
EKO DARMANSYAH,L
M. YUSUF ALFAEZI,L
DESMAWATI,P
DWI ULFA MAHARANI,P
AFANDI,L
SITI SARIFAH,P
DODY FAISAL,L
LUSIANA,P
ERLITA,P
RINO ISWANDI,L
NINI FITRIYANTI,P
SUKARI,P
DIAH WITARI,P
ANDRI,L
KARMI,P
NIA GUSTINA,P
MUTIARA WULANDARI,P
SUHEMI,P
NOVA HERIL YANTIKA,L
ARIFIN,L
MASYARAM HANIFFAH,P
MARNO,L
MARLINDA,P
NURJANA,P
JESSIKA CANDRA UTAMI,P
ROFIKA ARUM SUKMAWENTI,P
TIMIN AGUSYANTO,L
SAHIDAH,P
ASRIYANTO,L
SUTINAH,P
MUHAMMAD ILHAM ELFANDI,L
ELA PEBI JULIANTI,P
MASTJIK,L
RUSDI KAUM,L
FARA KURNIA R.K,P
QIFFAHTUN NIKMA,P
MASNUN MARDIKA,P
ARMAN YULIANSYAH,L
RIKA ISMAWATI,P
NONA PUSPITA SARI,P
DODI SATRIA,L
TARMIZI,L
SYAFRI YANTI,P
TRIO IRAWAN,L
ZUL KARNEDI,L
MULYANA,P
AYU YUNI SAPITRI,P
JULI SOPIAN,L
APRIZON,L
SARI AINI,P
SUTAN KARIM,L
AGUSMAN,L
NASRUL,L
ELMAS,P
DARWANSYAH  AMD,L
IPAN DWIPURA,L
BAINIS  S.PD,P
INTAN FEBRIAN,P
DENI SAPUTRA,L
AGUSTINI,P
MARDA LENA,P
ANI SURYAWATI,P
M. RONI PASLAH,L
NITA ERIA,P
NAZRAL,L
SUSI MAYA SARI,P
RAHMAT SANJAYA,L
HASAN BASRI,L
ADNIN ALIR,L
EDI HAPAZO,L
FERAWATI,P
ERAWAN TRIJAYA N,L
LUSIANA MORINA PANJAITAN,P
DANIEL SETIAWAN PANJAITAN,L
BISTOK PANJAITAN,L
UDUR BR SILAEN,P
NIA,P
NURDIANSYAH,L
NURBAITI,P
SELVI PRAMITA,P
LAGIYEM,P
JON KANEDI,L
JAMILAH,P
M. RIZALDY,L
UPIK DYAH. E,P
HARI RIANTO,L
BASTIAN,L
VITRIYANA,P
FERRY AFRIANSYAH,L
ALI ARDI,L
RADI KUMBARA TAMRIN,L
HARTATI MURNI,P
MARTHA FERY NOVRIANTONI,L
RIKA SARI UTAMA,P
DEKI TOMAS ALBERTO,L
APRIANI,P
HERTATI HUTABARAT,P
ACI SOFIAN,P
OKI BOY ARI,L
FEBI ELMASDITO,L
ARIE SAPUTRA,L
MASLIDA,P
NAFSIAH,P
VIOLITA,P
SUKIRMAN,L
SRI RATNA,P
YESI YUNITA,P
NESYA RAHMANDA,P
RAHMA WATI,P
REGINA RAHMANIA,P
HERMAN,L
DEAH DEWANTI,P
CITRA DEWI,P
IWAN,L
OKO DARYONO,L
FITRI NINGRUM,P
SUJARWO,L
ELPIDA,P
UNTUNG,L
SRI WAHYUNI,P
NURAIDA,P
SUARDI,L
FARUROZI,L
ASROFI,P
ULIN NIKMATUM MUJAHIDA,P
STEVAN GERALDO,L
ANGGIATMA ANGGA PUTRA,L
RAIKUS. H,L
SUMARYANA,P
AIDIL FITRI,L
SRI RAHAYU,P
ANDRE DWI CANDRA,L
SUDARSONO,L
AANG SUGIARTI,P
ISWANDI,L
EMI YULIANA,P
WINDARTO,L
PERMANA OKTO FREZI,L
NANANG FAHRUROZI,L
DAHNIL,L
RAHMAT HIDAYAT,L
RUKIAH,P
DADANG SUPRYADI,L
TITI ROSIANTI,P
VINCA PRETYLIA,P
AJENG PRETTYLIA,P
JOKO BUDI MULIANTO,L
AGUS HERYANTO,L
MUR HAYANI,P
RUSLI,L
RIAN SYAHPUTRA,L
YURNAWATI,P
NURYATIN,L
SUMARNI,P
AULIA NUR MAULIDZA,P
MISWANDI,L
ACHE ARDIANSYAH. MS,L
MUHAMMAD TORIQ FERNANDO,L
SYAFRIANI,P
SUGENG RIYADI,L
TRI WIJIYANTI,P
KATINI,P
SUSILAWATI,P
ADIRIN,L
YUNITA,P
ZAIRINA,P
MAWARDI,L
YENNI EKA WILDANI,P
DOKO EKO JANUARTO,L
JUMADI,L
DIKI FEBRIANSYAH,L
SUMARTINI,P
DEKA MARETA,P
ERWIN SUNARYO,L
NGADIRAH,P
SUPRIATNO,L
HARTINI,P
A. SEREN SAFA RINGGA,P
A. KADIR. M.,L
ESTI PURNAMA SARI,P
SERLY ARNAS,P
SURTINI,P
SITI CHADIJAH,P
IFAN SYAHPUTRA,L
INDAH SYAHPUTRI,P
SYAHMUDAR,L
YATI SYAHPUTRI,P
ABDULLAH SANI,L
DIMAS ADI SETIAWAN,L
KHAIRUL INSANI,L
ASNAWATI,P
SUMARWAN,L
BONA DWI CAHYA,L
RIDHO AL FAJRI,L
KHAIRUL,L
RANJES,L
ARI HIDAYAT,L
DEKI DAMRI,L
ZAINIMAR,P
MONA LISA,P
SYUKRON JAMIL,L
JURAINI,P
HALINA MUGIASIH,P
HUPRIADI,L
NURHASANA,P
SUKARDI,L
NURJIMIN,L
SUKARMI,P
ELVI ROOSIZKA. S,P
RAMADAN PEBRIANTO,L
JERRI ANDENA,L
KHAIRIL,L
RISNAWATI,P
WASRIL,L
JELPI SUSANTI,P
RETKEMALA DEWI,P
UPIK,P
LEGIANTO,L
MARDAYANTI,P
ADE PUTRA,L
DEWI SURYANI,P
HIDAYAT KUSUMA,L
RADI HARTONO,L
ISYONO,L
SAMSUL ANWAR,L
SYAMSIAR ILYAS,P
YUS MARMI,P
MULYADI JAYA SAPUTRA,L
SITI ARIFA,P
TEGUH WIDODO,L
YELPI MAULIDA,P
Pebi Pebrianti,P
AHMAD MUHTAR,L
DERI KERMELITA,P
EVI NOVI YANTI,P
DIDI JARWONO,L
SABUDIONO,L
SUNARMI,P
RISMA ROHMAWATI. M,P
SRI MURYATI,P
MUHTAR,L
MUKMINAH,P
PARDI,L
WANSYAH PUTRA,L
ARI RATMAWATI,P
FINTA EKA PUTRI,P
MISRIAL,L
BAMBANG IRAWAN,L
ZURMIATI,L
DETI AYU PERMATA,P
RODI HARTONO,L
HAJI SUPRIADI,L
PORISMAN,L
DARNIATI,P
LISNAWATI,P
ALDI SAPUTRA,L
KAIRUL,L
EPITA MURNI,P
NADIA HESTI,P
FERNANDO REDONDO RIZKY.S,L
DIRANITA GEMA DESPIAMIE,P
RENNI NOVIANTI,P
IDA NIYATI,P
HARYATI,P
YULIS NOVITA,P
DESI NOVITA SARI,P
JELI WULANDARI,P
LELI,L
WAHYU SOLEH RAMADAN,L
ZAHLITA EFTI,P
MUHAMAD YULIANTO,L
ERMAWATI,P
SUPRIATNO,L
SUHARTI,P
SUTIAH,P
SUDRAJAT,L
DEWI SEPTIANI,P
DEWI YANTI,P
WINDO DEWANDONO,L
ASNAWI,L
WENI WIDIANA,P
AGUS ADE PRAYITNO,L
MUHAMMAD NURSETO,L
SRI WINARSIH,P
BADRIYAH,P
MISNO,L
KOHARIYANTO,L
ISMUNDARI,P
BOBY HARIZA PUTRA ANDESKA,L
ATIKA FITRIA WIDIARTI,P
ABDUL KARIM,L
UNTUNG SETYO NINGSIH,P
HENGKI SAPUTRA,L
PUTRI AYU CAHYATI,P
GUDADI,L
TUMINEM,P
KIRAWAN DWY SUSENO,L
ROSLINA ZAINUDDIN,P
ISMAIL,L
HASAN PREDI JAYA,L
YENI MARLINA,P
SETIA RINI PERTIWI,P
RIKI APRIADI,L
SHOLEHA,P
SUPRIYANTO,L
MUHAMMAD THOLCHAH ALGIFARI,L
AGUSNAWATI,P
DERI ARIYANTO,L
SURATI,P
HERMILA,P
KARIMAN,L
PUJI ASTUTI,P
ZUMADI,L
PRAYOGA PANGESTU,L
FAJAR HIDAYAT,L
ADYTIA PAMUNGKAS,L
WAHID SOFFIULLAH,L
WISNU BRAMANTIO,L
GILANG RAMADHAN,L
RUMINI,P
MISWANTO,L
SITI ROMLAH,P
SAJIO,L
SOBARI,L
YATINAH,P
RUKIMIN,L
KIKI NURJANA,P
PONIYEM,P
INDARTO,L
AGUS SUPRIANTO,L
AGUNG MARDIANTO,L
SURAJINEM,P
RUSTAM,L
DAMINI,P
KASTUBI,L
HENI APRILIANA,P
SANIYEM,P
BAIDOWI,L
KUSMIATI,P
DODY EFENDI,L
ENNA SUWASNO,P
MUALIMIN,L
SITI AISYAH,P
PRATIKNO,L
SUSI SUYANTI,P
SLAMET,L
PARIYAH,P
TANTAWI,L
SABRI GUNAWAN,L
HASNAWATI,P
KHOLIQ MAGHFUR,L
IBNU HAJI FAJRI SHODIQ,L
MUBASYIR,L
ALPIYAH,P
FEDRI SUSANTO,L
SUGONDO,L
ANI ANDAYANI,P
FENI ANDAYANI,P
BAMBANG SUPRIONO,L
JUMIAH,P
SUNAR,L
SAYEM,P
JUWANA,P
SUPRIH,P
SRI REJEKI,P
SULAMI,L
KUSNAN,L
RUSTIAH,P
SUBEKI,L
WIDODO,L
SURATNA,P
SUKIYAH,P
KORIAH,P
SUBROTO,L
TOHARUDIN,L
AFIS SENA,L
SITI NGATMINAH,P
CINDY JULIANI,P
MUHSON,L
SURATI,P
JUMAKIR,L
SUPOYO,L
KARMI,P
PUJI RAHAYU,P
SOPIYAN,L
SUPARTIYAH,P
TEGUH SANTOSO,L
RINI HANDAYANI,P
BAHURI,L
SAMIATI,P
AAN JUNAIDI,L
ANDIKA PUTRA,L
WAGINEM,P
JUMIATI,P
WAGIYEM,P
MUJIO,L
SUMIATI,P
AYU WIDIYANTI,P
MARKUAT,L
KARTINAH,P
MUSLIMIN,L
AINUN NAJIB,L
KHOTIMAH,P
INDRA SAPUTRA,L
ROHMANU,L
WINARSIH,P
DWI INDAH APRILYANI,P
WARTINI,P
ABDUL WAHAB,L
SYAMSIR FATONI,L
MAHMUD ARIFIN,L
KARNI,P
SUGENG SUMARTO,L
SULASTRI,P
MURIANTO,L
TRI AMOR NININGSIH,P
SAGI,L
DIMAS FAJAR BAYU SANTOSO,L
PUTRI WIDHA PAMUNGKAS,P
YAYUK FITRI ASTUTI,P
IMAM MAHMUDI,L
ANGGUN NICO NURJANAH,P
RUSTINA,P
HERI KISWANTO,L
MARNI,L
MISIYEM,P
SUKIRMAN,L
LILIK SUKAYAH,P
MUHDIRIN JAILANI,L
PUTRI WULANDARI,P
SULASMI,P
EDE IRAWAN,L
FITRIZA MAYANG SARI,P
SENI RITA SUSILAWATI,P
TAUFIK RAHMAN,L
MUHAMAD YASIR VATURAHMAN,L
KASMINAH,P
ROHANA,P
ANNISA SAKINAH,P
NURHIDAYATI,P
SUMARI,L
ARI NOFIANTO,L
SUWARSIH,P
WELAS,P
TOHARI,L
KARTINI,P
ADITIA SAPUTRA,L
MURSINAH,P
JOKO PRAYETNO,L
SRI MULYANI,P
MUHTADI,L
MOHAMMAD DANANG HIDAYAT,L
WINDI YARTI,P
RAHMAD SUSILO,L
SAJIEM,P
KASWARI,L
SUPARMAN,L
WASMI,P
SUDARNO,L
WATINI,P
ANTONIUS SUPARDI,L
THERESIA PUJI LESTARI,P
MASWAN SIMAMORA,L
DANIEL SANTO SUARJO. S,L
SIMON RONI SETIAWAN. S,L
THERESIA MARYATI,P
PAIMAN,L
ELVIRA KRISTINA,P
ARIF IRVANTO,L
YAHMIN,L
JUMIDAH,P
SEMI,P
JUMANTORO,L
FANDRES DAMARA PUTRA,L
FENDRO ARDIAN PUTRA,L
SUKMIHARTI,P
JUMIRAN,L
PONIRAH,P
WARSILAH,P
AGUS JUANA,L
PURWONO,L
SEPTIAN DWI YONO,L
ENDANG LESTARI,P
BASIR,L
ZULYAN,L
RITA OKTAVIA,P
YOULANDA ZITAYANA,P
SIKEM,P
NUR HIDAYAT,L
DJAWARI,L
SUPRIYATI,P
UNTUNG PRAYETNO,L
USREK,P
SARO'AH,P
TRI NOVITA DEWI,P
ERVA HERTANTO,L
MULYONO,L
SUMINAH,P
KOMARUDIN,L
INDARTI,P
DAUS,L
KARDI,L
yulyadi,L
CECEP SUGIARTO,L
NGAINIAH,P
SUPARDI BADOWI,L
KASNO,L
MIASIH,P
ABDUL MULUK. RF,L
H. TARMIDZI  S. PDI,L
UBAIDILLAH. GS,L
MAIMUNAH,P
MARIATI MANGUNSONG,P
SUWARDIYONO,L
DITA ELIDA SARI,P
PUTRI AYU NENSI,P
NURLAILI,P
YUS GUNARTI,P
PAIZUL,L
Tarmidzi,L
Selpi Maulida,P
NURADA,P
SELLY FEBRIANI,P
ROHMAD,L
YESI SUSILAWATI,P
LEMPAR,L
MARDIANI,P
DESY NOVI ARTATI,P
SANGKUT NENGSIH,P
DAVID SURYANA,L
LISWANTO,L
YAKUBUS WIKARYONO,L
VERONICA KURNIA PURWANTARI,P
NISFULLAILAH,P
BIMA OKTARIYAHYA,L
SITI LIHATUN,P
SARYONO,L
KARSINAH PURWANTI,P
MISA PIDIA SARI,P
SUGENG,L
JAMIEM,P
SONI EFFENDI,L
SITI AISYAH.SPd,P
SUKARTI,P
HARTONO DENANDRA,L
AINI JULIWANITA,P
DWI RYAN ARIFRIANI,P
RUSLAN,L
RUSMIATI,P
WASTITI,P
PANJI FIRMANTO,L
JUMIRAN,L
TIMBUL PRASETYO,L
SUWARYATI,P
TASWIN,L
M. MUSTOFA,L
PURNIA WATI,P
YANSORI SIMAMORA,L
JUMIATI,P
SAEROJI,L
SRI NURHAYATI,P
MARSITI,P
ANIS SUNDARI,P
RADIKO,L
SUNARTO,L
MISIRAH,P
SITI NAFSIAH,P
SAMSUL MUARIF,L
SARTONO,L
TIARA PRASETYA,P
SUDARMI,P
KHAIRUL ANAM,L
RENO SARJITO,L
SANIYEM,P
PURWANTI,P
SUNARTO,L
TOMI HADI WIJAYA,L
PARMI,P
DEKA UTAMI,P
YM. GIRINDRA WARDANA,L
BERNANDUS DAMAR SETO,L
MARGARETA SUPARJIYAH,P
BRIGITA RA SEKAR LARAS,P
YOKA YOLANDA,L
ANGGUN LARASATI,P
ANDIKA,L
MIMIN,L
WARYANI,P
SHERLI CANTIKA UTAMI,P
NUR SINTA  DEDY SABRIANI,P
ANANI RATIWI,P
RASDIANTO,L
SUHARTI,P
NOVA NURANITAH,P
MARIA KRISTINA SARAGI,P
WAHYU PRAYITNO,L
MARDIYANTI,P
SUWARDIYAH,P
MUNANDAR,L
AMIN SUTRISNO,L
SULASTRI,P
BAMBANG PRAYOGA,L
SRI REJEKI,P
DEWI SEPTIANI,P
MISELA YEYAR YUNIKA SARI,P
HERI DARMAWAN,L
FITRAH MARLITA,P
AULIA DWI PUTRI,P
NOVAL ANANTA,L
LEO SYAHPUTRA,L
ABDUL ROSID,L
AFRIANTI,P
AGNES PUTRI WIRASWASTI,P
ALBET SUSANTO,L
ALI BAROKAH,L
ALI SAHIDIN,L
ARIF BUDI RAHARJO,L
ARUM DWI SAPUTRI,P
ASIYAH,P
ASRI IRAWATI,P
BAGUS HADI KUSUMA,L
BAGUS SAPUTRA,L
BASUKI RAHMAT,L
BIMO SENO,L
BUDI WIDIANTONO,L
BUNARI,L
C. BELLA APRILYANI,P
CATUR SETYARINI HERNIASIH,P
CHANDRA BIMANTORO,L
DEDI KURNIAWAN,L
DEDY SUPRASTYO,L
DELLA APRILIA,P
DHARMA AGUSTIANTO,L
DHAROKIN,L
DIAN RATNA NINGSIH,P
EKO YULI SAPUTRA,L
ENI HARMIATI,P
ERVAN JUNAIDI,L
ERWAN,L
FITRI YANTI,P
HARMIWIS,L
HARYANI,P
HENDRA SAMUDRA,L
HERLI YENI,P
HERMAWAN SAPUTRA,L
INDAH IRAWANTI,P
JIMI DWI YAN PERNANDES,L
JUARI,L
JULIUS SUCI HARYANTO,L
JUMADI,L
JUMANGIN,L
JUMIATUN,P
KADAR KARYONO,L
KARTO SENTONO,L
KASMINI,P
KATIMIN,L
KATIRAH,P
KIKI RESTIANI,P
LINDA,P
LUKMAN HAKIM,L
M WACHJO,L
MAILAN INDRIANI,P
MARDI,L
MARIA IMACHULATA PARTINI,P
MARKUN,L
MARKUS HENDRAT MOKO,L
MARSINO,L
MARYATI,P
MARYONO,L
MASRINA SIREGAR,P
MELLI KURNIATI,P
MERCI BUNGA RIA SARAGI,P
METALIA ANALIS,P
MIFTAHUL HIDAYAH,P
MILA ANGGRAINI,P
MESINAH,P
MUCHAMAD RAMADHAN,L
MUHAMAD DAHRUN,L
MUHAMMAD IQBAL,L
MUHAMMAD SYADEWA PRAMUDYA,L
MUKLIS SUNARWAN,L
MUSIAH,P
MUSINUN,L
NARA TRI DINANTI,P
NASRIYAH,P
NGATINI,P
NILA SAFITRI,P
NOVRIAN RAMADHAN SAPUTRA,L
PANJANG HARYONO,L
PARDIMAN,L
PARIDANIA,P
PARTINI,P
PASKALIS BAGAS SWASTANTYO,L
PONIYEM,P
PRIHATIN HERLINA,P
PURNOMO,L
RAHMAD RIANTO,L
RAHMADAYANTI,P
RATIMAN,L
RIKI SUBAGIA,L
RISTIANINGSIH,P
RISTIO NINGSIH,P
ROBISO INDRI,L
ROSITA SARI,P
RUKINI,P
SAHAT SARAGI. S,L
SARDI,L
SETYO WATI,P
SHOLIHIN FAJRI,L
SITI MAIMUNAH,P
SITI MUNDARI,P
SOLATI,P
SONIRAN,L
SRI NGATIN,P
SRI SUHARYANI,P
SUANDI,L
SUDARSONO,L
SUGITO,L
SUGITO,L
SUHAR NANI,P
SULIAH,P
SULISTIA SURYA PRATONDO,L
SUMANI,L
SUMARTINI,P
SUMINI,P
SUMINI,P
SUMISNI,L
SUNARMI,P
SUNARSIH,P
SUNARTI,P
SUPARDI,L
SUPARDI,L
SURATINAH,P
SURIPTO,L
SUROTO,L
SURYADI,L
SUTARTO,L
SUWARNI,L
SUYADI,L
SUYANTI,P
SUYATMI,P
TALBIDAH,P
TEGUH PRAYITNO,L
TEGUH SANTOSO,L
TH. HARIYANI,P
TIGOR BATARA SARAGI,L
TRI SULISTIYANI,P
TRI SUSANTO,L
TUMIJO,L
TUMIN,L
TUMINAH,P
VIVI MARLINA,P
WAKEM,P
WIDYASTUTI,P
WIJAYADI,L
YAKOBUS PARYONO,L
YANTO,L
YULIA SEPTIANA,P
DARMAWAN,L
TOYIBAH,P
ANGGUN MARLINI,P
HARYANTO,L
WAGINI,P
MANAKIB HASYIM,L
HANUM ASHROFI,P
JATI PRASTITI,P
MAHDALENA,P
TRI AKNA PALUPI,P
SITI AZIZAH,P
HERI PURWANTO,L
SUCIRAH,P
MUHAMMAD NUR,L
ISTIYARTI,P
SUMINI,P
YANTO,L
DEKI SAPUTRA,L
SIGIT PUJI UTOMO,L
TIA MEIDA RAMADHANI,P
DADIMAN,L
MUJIANTI,P
BOFY DWINKA SEPTEMBRI,L
PUJI ASTUTI,P
VINCENTIA SUJINAH,P
IGNATIUS DWI CAHYO JIWANDONO,L
THERESIA PARTINAH,P
MERI AZWARDI,L
DESI HESTIYANTI,P
ROTINI,P
AHMAD SAFARI,L
NURYANTI,P
PUSPI TAWULANDARI,P
AHMAT,L
M HUSIN,L
NYAIK MARYAMAH,P
SUHERI,L
SANTI,P
CAKISAN,L
WASTO,L
KINAH,P
SUMARDI JOYO,L
FAIZAL HADI SANJAYA,L
SRI HAYATI,P
CANDRA HARMOKO,L
RIRI VALENTI INJILIANSIH,P
AZWAR ANAS,L
BUNAMI,L
DEDI KURNIAWAN,L
SAKIYEM,P
MISWANTO,L
SUHARTI,P
ANGGRAINI INDAH SAPUTRI,P
ARI WAHYUDI,L
ZAINUDIN M. LUD,L
SRIMALA DEWI,P
ERRI YANTO  S. PD,L
SRI WAHYUNINGSIH,P
RETNO NURUL ANISAH,P
ULFASNUR AZIZAH,P
SUPARMAN  M. PD,L
KAMSUSILAWATI  S. PD,P
OZIED MULYA ERSYAH PUTRA,L
ERNI HERAWATI  M. SI,P
ARUM MARWA AISYAH,P
NITA HERLINDA,P
ILHAMUDIN,L
SITI RUMSIAH,P
GUSTI ABDUR ROHMAN,L
NUR FITRIYADI,L
JUMINAH,P
ARIF WIBOWO,L
SURANTO,L
SUTAJI,L
AYEM,P
WAGIRIN,L
MULYANTI,P
ISKANDAR,L
TRI SUWARNI,P
IR  H. ENJANG SUTISNA,L
DRA. HJ. ELLY SUHARTINI,P
NARNI HARIDA,P
ERICK EDWARDO,L
SIANI,P
ZAINAL,L
HARTINI,P
SUMARNO,L
NASIYATI,P
INDRA,L
TIMMOR DHELI,L
JAMILA LARASATI,P
ZAMIR HAMBIYA,L
SURYANTI,P
TASWAN,L
GUSTI NIRMALA SARI,P
NURIELA,P
ANDINI PRANTAU WATI,P
KORSIA,P
RUSLAN JUNAIDIL,L
PASRI,P
ABU RAHMAD,L
ANNISA PUTRIANI,P
TITI SUMANTI,P
TUMIRAH,P
JONI ARMAN,L
ISMI ALFIAH,P
RIZKI PUTRA IMAN,L
LITA TASTI,P
KAMPONO,L
LENI PUSPITA,P
AMSULUDIN,L
ROHINA,P
SYARAS KURNIAWATI AMSUL,P
KHAIDIR  M. KES,L
KHARIS VIDI FAHRI  AM. RAD,L
KEVIN BIMA ADITYA,L
TURA ASWARNI  BPA,P
AJI MULYONO,L
BOIRAH,P
MARZUKI,L
MUHAMAD ALIF SETIAWAN,L
SLAMET RAHAYU,P
ATIKA PUJI LESTARI,P
SAJURI,L
HABIB ABDUL ALIY SOFYAN SALIM,L
SUPARTINAH,P
YAUMI KARTINI,P
SUROSO,L
MASKURNADI,L
SUMIRAH,P
SULARDI,L
PUJIATUN,P
SUPARDI. R,L
SUARTININGSIH,P
SLAMET RAHARJO,L
DUWI HARTATI,P
YAYANG RIZKI RAMADHAN,L
JAMARI,L
RIZKUN MAJID,L
WAKINEM,P
PONIMAN,L
MISTUN NINGSIH,P
ALFI MUFIDAH,P
RIYADI BUDI SANTOSO,L
RUMINAH,P
RASTAM,L
PARSITI,P
NIYEM,P
SUHARDI,L
SRI HARTATI,P
AGUSTINA HARTI PRATIKA,P
AHMAD SUPRIYADI,L
SUSIYANTI,P
TONY AFRIZA,L
MEILIA SYAFRINA,P
MARDI,L
TINEM,P
KUSMAN,L
YULIYANTI,P
KARSITO EFENDI,L
SRI LESTARI,P
RAKHMAT SANTOSO,L
KADAR USMAN,L
YULIA RACHMAWATI,P
TIKA OKTAVIANI,P
ETI HAYANI,P
SARMAN WIRYO SUWITO,L
WATINAH,P
EUBIUS MURWATRIJANTO,L
AGUSTINA WIDIATNINGSIH,P
SUGENG RIYADI,L
KULTSUM ISNA PERTIWI,P
HASANA,P
IKHA FATIMAH PRATIWI,P
TOHARI,L
SUMARNI,P
NYANAK,L
SALINEM,P
ANTONO,L
KUSMINAH,P
EKA SUKMAWATI NINGSIH,P
DARMADI,L
KASNI,P
YUNI HASMITA,P
SRI HARTATI,P
M. BAIJURI,L
THIARA MEIRITA,P
SURYONO,L
MUSLIMAH,P
TOFIYAN MULYANI,P
DEWI FATMAYANTI,P
BATIN,L
UDIN OGAN,L
PATRIS ERISANDI,L
DEWI SURYANI,P
ERNA ANGGRAINI,L
SAHIAN HAMBALI,L
TETY MULYANI,P
ELFRIDA SIAMBATON,P
RAKHMAT ABRIL KHOLIS,L
AFRIZAL,L
AULIYA YUDHA PRATAMA,L
MUHAMMAD TAUFIK AKBAR,L
YUNIARTATI,P
AGUSTI,P
REZA NURARISKA,P
ENDANG. S,P
DWI HARSONO,L
MALARISMI,P
ANGGA SRI LARASATI,P
HARNO,L
KASRUN,L
RUBIYEM,P
BUANG SULAIMAN,L
MUHAMAD TOYIB,L
SULIYEM,P
SITI SARIFAH,P
PONIRAN,L
RUBINAH,P
INDRA JAYA,L
RETNO MERRY,P
FWANRINGKI DIAN SUSANTO,L
CASRIANI,P
SUHARYANTO,L
KASIH,P
YAYU RAHAYU,P
HARI HARDIANTO,L
SRI ASIH,P
NURUL PRATIWI,P
NURBAINA,P
NURLELA,P
ASEP DEDI SUTENDI,L
ELIS SUSILAWATI,P
EKO PURNOMO,L
HADI SUMARTO,L
MELLY PUSPITASARI,P
SARI,P
PRIHATIN IBRAHIM,L
WARSIKO,L
AGUS BUDIANTO,L
NURLELA WATI,P
AHDUM,L
SAPUTRA ROBIYANTO,L
SUTI MURATUN,P
SUHARDI MANTO,L
WAGIYEM,P
SURIP,L
SUTRISNO,L
MARINEM,P
KATEMI,P
YUNI WIJI ASTUTI,P
WAHYUNI,P
DEWI PRANA SUCI,P
NASIRUN,L
KATIYEM,P
FENDI MASYUDI,L
PURNIATI,P
SHOLIHIN,L
MUJIEM MININGSIH,P
INDAH LESTARI,P
TASWIN,L
TITI LESTARI,P
HADI SUKIMIN,L
SUTOPO,L
NGAWANAH,P
RISKI ANITA,P
BOOB TERRY SIHOMBING,L
NUR HASANAH,P
SUGIARTI,P
DIAN AGUSTIANA,P
KUSNIWATI,P
RUSMIN,L
SUGINEM,P
DEWI KOMALA SARI,P
TRI AFRIANI,P
TINA ANGGRAINI,P
KASWANTO,L
PUPUT PENTA SARI,P
ANGGI DWI ANTORO,L
DINA ANGGUN PRATIWI,P
SUSANTI,P
KUSNANDAR,L
MARYANI,P
IIS NELNI,P
FUJIONO,L
RATNA MERY,P
KURNIAWATI,P
REFZEN ARJONO,L
CAHYADI PUTRA,L
MAULANA YUSUF,L
SUPARLAN,L
SATIYEM,P
JUNI SUPRIADI,L
SUTIKNO,L
WAYEM,P
SITI MARDIYAH,P
SURAJI,L
HANI FIALDI,L
JUNI KURNIAWAN,L
KARSINI,P
DADANG ATMAJA,L
NISMAWATI,P
SUPRAYETNO,L
KASIO,L
MINARSIH,P
MARYAMAH,P
RUNIATI,P
WIDODO,L
MARTILAH,P
SURYANI,P
EDY PUNGUT,L
YETI ROSMIATI,P
TAWIT TARJONO,L
SUGINEM,P
WARTO,L
SITI AMINAH,P
SALIMUN,L
DINDI IRAWAN,L
MARIYEM,P
SAIFUL UMAR,L
USWATUN HASANA,P
NOVIANTI   SP,P
DESI ARISANDI,L
KODIR,L
SUPRIYATI,P
SUKIRAH,L
SUWITO,L
RAHMADI AHMAD SALIM,L
WINDA MUSALAMAH,P
ELSY RIANA SARI,P
SUNARYANTO,L
HERITA,P
DESI SUSANTI,P
ROFIAH,P
RIYAN,L
MASHURI,L
WARSITO,L
AGUS INDRA WIJAYA,L
YESI HARTATI,P
TEGUH SANTOSO,L
SULASTRI,P
LEMAN,L
IBRAHIM,L
MURNINGSIH,P
SYARBINI,L
SRI MURYATI,P
WAHYU RAMADHANI,L
SURAWAN,L
SAMINA,P
WARIKO,L
MUNINGSIH,P
SUHARYONO,L
SITI SOLEHA,P
TUTUKNO,L
SRI WIDIYATI,P
RAIS,L
MASRONI,L
MASINAH,P
TASRIF,L
MUHAMMAD TAUFIK MAJID,L
KARTINI,P
SUKATMIN,L
ANGGI ANTORO,L
NGATINI,P
SUWARNO,L
MESTI SURYANI,P
RUSMANTO,L
SULASTRI,P
KAMINO,L
RASINI,P
NGAJIONO,L
ERMANI,P
SUMIDAH,P
SURYATI,P
TEGUH,L
GEMI,P
KAMIL LUDIN,L
SETIA RINI,P
NGADIKIR,L
MUJIRAH,P
MUJIANTO,L
ONITA KARLINA,P
SUPARDI,L
SUNARTI,P
WARIDI,L
SURATNO,L
NURKUMALA DEWI APRIANI,P
SUMAWAN,L
MISAN,L
MARMI,P
SUSANTO,L
HERMAWATI,P
SUPENO,L
SRI WIHAYATI,P
SARMIN,L
SARIJO,L
SARINO,L
RATMINI,P
BENI SEPTIONO,L
KARMAN,L
SAMIKEM,P
SABARI,L
HERLINA,P
BASIRAN,L
DEWI ASIH,P
SAKIR,L
TUNYEM,P
KASNO,L
DEVI KURNIA,P
SAINO,L
KATEM,P
TUMINEM,P
AGUS TONI,L
PARIYEM,P
TUKIYAT,L
KATMINI,P
RAHMA FEBRIYANTI,P
TEDDY MELYANTO,L
WARAS KARITA,P
MITA ARIYANTI,P
SADIYAH,P
KASIMIN,L
RAHMAT ARIF PANGESTU,L
SULASMI,P
NAUFAL MUHAZZIB,L
MUKHLIS SUYUTHIE,L
WATI HERLINA,P
DJANURI DYAN PURNAMA PUTRA,L
SUPARJO,L
KARSITEM,P
SUPARDI,L
ALI MASQUR,L
DASIYAH,P
TRI QURNIYASTUTI,P
SUKATMAN,L
SUMARMI,P
NUR MUD MAINAH,P
SUBAKIR,L
AHMAD SENTOSA,L
NURYATI,P
SOLEHAN,L
SARITIYA LARASAKTI,P
MARTINEM,P
MUHAMMAD FIRDAUS,L
SUKARJO,L
HARYANTI,P
ALBAITI NURJANAH,P
SAMADI,L
ANDRI SETIAWAN,L
SUPRIATIN,P
ALFA DIAN PRASETIA,L
SUWADI,L
BETA SANDITIAS UTAMA,L
ROHANI,P
MUSTA'IN,L
KHARISMA FERRY FADILLAH,L
SURTINAH,P
ROFANGI,L
JASMINI,P
DUL WAHAB,L
TONI OKVI ANDIKA,L
SUMARNI,P
TARYONO,L
SUMARMI,P
RIA ANGGRAINI,P
SUKAMTO,L
MUSTOPO,L
TUNEM,P
PARJILAN,L
DESY ARYANI,P
KASMINI,P
MISRAN,L
SEPTY KUSTIWIYANI,P
TITI RAHAYU,P
DEDI PUTRA,L
BURMAN ABIDIN,L
SUCI NURANI,P
DARSI,P
SUJONO,L
RUSLAN,L
RODHIYAH,P
KUSNO,L
KASINAH,P
PURNOMO SIDIK APRIANTO,L
KODIRAN,L
SITI AISYAH,P
RIYANAH EKA WATI,P
SALAMUN,L
RUMINI,P
SUKAMTO,L
EKA GALANG SUBADADI,L
BAYNAH,P
SADIO,L
WASTINAH,P
SAWITO,L
TRI WARSONO,L
NGATIYEM,P
WAJIMAN,L
PAINAH,P
RISTA MARDIANTI,P
JUMADI,L
KASMIATI,P
SHOLEH KHUDIN,L
YUSWANTO,L
GUMIARSIH,P
RIRIN TRI WAHYUNI,P
KALIYEM,P
TULUS LESTARI,L
FITRIA SUPARDI,P
NOPRIANTO,L
RINI SUPRIANTI,P
SULIS SETIO WATI,P
TETI MULYANI,P
RAHMAT HIDAYAT,L
YOSI FEBRIANI,P
SUTARMIDI,L
MARTINA,P
PARNO,L
WATIYEM,P
BETI RAHAYU,P
AHMAT KAFI,L
WASINEM,P
MURDOYO,L
RUFIATI,P
SARJIYO,L
SUSANA,P
HAMDANI,L
SAKIYEM,P
MUHAMMAD THOYIB,L
ZUNIARTI,P
LOSO,L
SAEKAM,L
RUKIYEM,P
SUPARMI,P
HIDAYATULLAH SHOLIHIN,L
TRUBUS ISMAWAN RAHMADI,L
SUYADI,L
FAKHRI SATRIA HUTAMA,L
SRI PURWANINGSIH,P
AGUSTIAN YURISTANTO,L
TARYA,L
AJI SIDIK KHASBIANI,L
KARTINI,P
JASMIN,L
SUPARTIYEM,P
KAHONO,L
LASTINI,P
SISWOYO,L
IKE MAYA SAFITRI,P
MARYATI,P
TUGIYEM,P
RAHMAT HIDAYAT,L
YULI KUSPITA,P
ANDI KIANTO,L
MELI SANDRA WATI,P
ADI KURNIAWAN,L
MAYSAH,P
DESI SUSILAWATI,P
SADI,L
RUBIYEM,P
WAHYU SANTOSA,L
SRI RAHAYU,P
ABDUL WARDJIANTO,L
SUWARNI,P
SAMADY. A,L
WINDY HERAWANTO,L
SRI AGUSTININGSIH,P
BAMBANG YULI ISTIANTO,L
ETI AFRIYANI,P
ABU SALIM,L
PUJI LESTARI,P
ANISA ANGGILIA LESPA,P
SUPRAPTO WALUYO,L
NGATINEM,P
SAERI,L
IMAM AGUS SEKTIONO,L
SUMARNI,P
HADIN,L
SUKINAH,P
DINA PUSPITA SARI,P
SUKARTI,P
DEWI SUTRISNI,P
SAMINO,L
YAYUK FITRIANI,P
PUJI SULASTRI,P
RIZKI DARMAWAN,L
TRI SUMARAH,P
FERI DRIYATNO,L
UMI YULIANTI,P
SUWARTI,P
SEMI,P
NGATIJO,L
SUMINEM,P
SUBARDI,L
MUJILAH,P
TUGIMANTO,L
SUHANA,P
WINDA AVIANTI,P
KARSINEM,P
SURATMAN,L
CAHAYA MURNI,P
ERNA WAHYUNI,P
SUGITO,L
ISMOREJO,L
TASIYEM,P
TUSIRAH,P
RINDU,L
SOYE,L
WARYONO,L
SUGENG SANTOSO,L
SUPRIYATI NINGSIH,P
SUBAGIYO,L
JOKO SUTIKNO,L
TUKILAH,P
SUTARTO,L
RUMIATI,P
KUMALA SARI ELI SAFITRI,P
SUGITO,L
SUMARNI,P
SENO FITRI YANTO,L
RUBIYAH,P
ADI SUMARTO,L
SUJIYEM,P
SRI WIJAYANTI,P
HANDOKO,L
EKA,P
SARJIMAN,L
SOPIYANTI,P
SUBEJO,L
ANUM PRIASTUTI,P
SUJARMI,P
SURAHMAN,L
RULI FEBRIANTO,L
SUJIEM,P
LARTIYEM,P
NOVI IRWANTI,P
RUSLIANTO,L
BINTANG SIGIT ARLIANDA,L
MARIYEM,P
TUMIN,L
SAWINAH,P
TUKIRAN,L
RANDI SEPTIAWAN,L
BURYANTO WIDODO,L
ATIKA AZIZAH WIDODO,P
FAUZAH,P
FERDILA APRILIYANTY WIDODO,P
NUR HIDAYAT,L
LILIS SURYANI,P
WAGIYO,L
WINDA MARLIANA,P
SUGIARNO,L
SUPRIHATIN. B,P
SIMPAR,L
SULARSIH,P
MUPARDI,L
NANTIYEM,P
SUTARMAN,L
TRI WIDAYATI,P
KATIM,L
SUKARNI,P
SUKIJO,L
FITRIONO,L
DESAY ERICO,L
NAPOLEON,L
SUSIATI,P
TARYONO,L
FARIZ ADHAM,L
SUPINAH,P
UTARI JELITA AINI,P
PARIO,L
INDRA RIKARDO BAYU WIBOWO,L
IRVAN AGUS SAPUTRA,L
ESTI SETIARSIH,P
KAJEM,P
SARIJAN,L
JUJUK HARTINI,P
SUBAKAT,L
SUMARTI,P
ARIADI GUNAWAN,L
MARJIANTO,L
JUMIATUN,P
SUPRIYATI,P
FINKA DESFITRI,P
SYAINEM,P
MEGA PURNAMA SARI,P
SUMARNO,L
NURHAYATI,P
ANIS SARIFA,P
WIDODO. G,L
SUPRIYANTI,P
TUMIJO,L
TRIONO,L
TUMIEM,P
HARINTO,L
SUMIYATI,P
TARMUJI,L
SUGIYATI,P
HENDRI SUSANTO,L
TUKIYO,L
NGATEMI,P
ELIS SUFIANTI,P
SUPARMIN,L
IHSAN ABDULLAH,L
SUNARTI,P
ELVINA WIDYANTIKA,P
SUKIYO,L
TRI SYAPUTRA,L
PANJI ARIS GUNAWAN,L
DINA RIZKI APRILIANI,P
HARYATI,P
RASIDIN,L
WIDIARSIH,P
SYAITEM,P
HADI SUNYOTO,L
SUHADI,L
TOMMI,L
KHOLIYAH,P
EKA KESUMA,L
YASIN,L
PARTIYEM,P
SUBARI,L
YUYUN TRI,P
RADIMAN,L
SANTOSO,L
SUKIYEM,P
SAMIYANTO,L
ISTERNA,P
WARSITO,L
SURAWAN,L
SUSWANTO,L
YENI,P
SUPRIYANTO,L
WAHID HENDRAWAN,L
SUNARTI,P
YUDHA PRATAMA,L
IRFANSYAH,L
YENI RAHMANIA,P
SOFIAH YOHANA,P
ADE HABIYANTO,L
WASIAH,P
INDRI RAHMA DHANI,P
SRIANTO,L
YULI SURYANI,P
SAELAH,P
YUNI DWI SRIANI,P
SUGIARTO,L
SARYANTI,P
RINI AGUSTIANTI,P
SYAMSURI,L
SIDIK ARDIAN,L
FATILAH KURNIAWATI,P
ERIANSYAH,L
TUKIRIN,L
TURINO,L
ENGKAR NILAH,P
SUPRIYANA,P
RITA NOVI ILMIA,P
NURHAYATI,P
NANANG FEBRIANTO,L
YULIANA,P
ZULKARNAIN. Z,L
FITRIANI,P
SUPRIHONO,L
JUMAENI,P
ENDRA GUVOH PRANATA,L
SABRANI MERANA,L
SRI NGATINI,P
SYAIFUL HIDAYAT,L
SUNIYEM,P
RIFA'I,L
SUPARJO,L
DEWI DARWANTI,P
SUWITO UTOMO,L
SADIRAH,P
ISKANDAR,L
SEYLA RAHAYUNING WIDASWARI,P
NUR SKAINAH,P
ADINDA RIZKI M,P
ARDI SUPRATMAN,L
SADILAH,P
HAJAH NURUL HASANAH,P
ABAS SURYANA,L
RUMANTI,P
WINARKO,L
INDARTI,P
SUHARTA,L
PURWANI,P
JOKO SANTOSO  SP,L
MARTINA DWI PUSHINTA  SP,P
SAWIDI,L
ISNAWATI,P
ARDI,L
RIKA LARUSTA,P
AMRAN,L
SUKADI,L
YEYEN FITRIANA,P
MIANA,P
IWAN PURNOMO,L
ARISTIANA,P
FERYN GESTIA NINGTIAS,P
MUSLIMIN,L
RAHMADI,L
YULIANA,P
GUNARTO,L
SURATNO,L
RAKIEM,P
DAVID SULISTIAWAN,L
SIDAL,P
JUM KANEDI,L
KHORIYAH,P
ADI PURNOMO,L
ISMA TRI JAYANTI,P
SUPRAPTO,L
LUKMAN,L
NASIKHUL IHSAN,L
TRI JAMIATI,P
MINAH,P
EVI WINARNI,P
MUKMIN,L
NOPRIANI,P
SUGIYANTO,L
SUWARTI,P
WARJIYEM,P
CAROKO,L
NOVRI HERIANTO,L
SITI HADIJAH,P
MAIFA DWI ATIKA SARI,P
HERWANTO,L
WIYONO,L
GUNAWAN,L
BONIEM,P
EKO SUMANTO,L
APRIYANI,P
DEDE AMUNG SUTARYA,L
KATINAH,P
BASUKI,L
SUPIATININGSIH,P
MUHAMMAD SOLIHIN,L
SUMAWATI,P
RIA MUSTARI,P
ANGGA PUTRA PALES PRATAMA,L
SUTARMAN,L
MERIZA,P
SANDI IRAWAN,L
SURADI,L
SURATI,P
PONO,L
SARMINI,P
JUMAR,L
WIJATI,P
TAMARA YULIANTI,P
PONIDI,L
JUMIYEM,P
LAMIKUN,L
TEGUH SUSANTO,L
SALIYAH,P
YUDIONO,L
SEMI,P
NGADIYEM,P
TUTI WIDIAWATI,P
SUKIRMAN,L
WAKINEM,P
WIJIANTO,L
AUFA AULIYA DWI RAHAYU,P
SUMIYATI,P
SUYATNO,L
SUPARMAN,L
WANTI LESTARI,P
ERIK INDARWANTO,L
SATINO,L
YATIN,P
DEDI PURWANTO,L
EKA APRIANTI,P
SYAFRUDIN,L
SUKATI,P
SAJIMAN,L
SANIYEM,P
PUJIANTO,L
ARROFATH MUNAWAR,L
UMI KAROMAH,P
KUS BANDIYAH,P
AHMAD FAUZI,L
DADANG PURNOMO,L
SUDIWAL,L
SUMARYANI,P
FENDI IRAWAN,L
PAERAN,L
MARSINI,P
MARSIRAN,L
WISNU ANDREAS,L
SULASTRI EKO WATI,P
WASNO,L
DEWI SULISTIYANI,P
WAGINEM,P
SUBANDI,L
MURTINAH,P
DARYONO,L
WILDAN HEGABELA,L
MELVIN FAJRIARNI,P
SITI ALFIAH,P
SUHARTI,P
MUHAMAD SARDUKI,L
RIAN ADI CHANDRA,L
GUSTI SUSANTI,P
NURWANTO,L
LAGIEM,P
TAIFUDIN,L
JUMIRAH,P
MAHMUDI,L
ROMLAH,P
RUDIANTO,L
FITRI HANDAYANI,P
ZULYVA AUDRYA AZZAHRA,P
SELAMET,L
MUJIRAH,P
SIDIK KRISTANTO,L
ELY SURYANI,P
PUJI LESTARI NOOR VIANI. M,P
SITI KHASANAH,P
SUPANGAT,L
RAHMAT FITRIANTO,L
MUJINAH,P
KUSNANDAR,L
PONIYEM,P
TRI PRAYETNO,L
SUPARMAN,L
SUYANTO,L
OKTA FIANDI SAPUTRA,L
SUTIYEM,P
TUMIYEM,P
SANYONO,L
SRI SAHAWATI,P
AL MOHTADI,L
ANI SULISTIANA,P
NOTO MIHARJO,L
ENDANG. S,L
DWI SENTANA,L
DALIEM,P
SUKAR,L
PAET,P
ISTADI,L
SUKIYAH,P
FITRI SURYANI,P
WAGIMIN,L
EVA OKTAVIANI,P
NOVIANTI,P
REJO MULYONO,L
BASIYO,L
UJANG TARLIMAN,L
PUTRA RISMA SANJAYA,L
KASIKEM,P
RAKIMIN,L
WAGIYEM,P
NURHIDAYAT,L
SEPTIYANI,P
DIMAS AGUNG FAJRIANSYAH,L
BETRI INDARWATI,P
SUNGKOWO,L
RUSMINI SUPRIHATIN,P
JOKO SAPUTRO,L
SUTARSEH,P
SUGYANTOYO,L
TUKIRAH,P
RIKI RIKARDO,L
APRIADI,P
MEI YUDIANTO,L
 ARDI PULUH WAHYUDI,L
JOKO SUTRISNO,L
SINTA MEILINA,P
SUYOTO,L
HAIRUDIN,L
TIWI EKA LESTARI,P
MUTMAINAH,P
DWI ERNITRIYANTI,P
SUTARJO,L
MAR'ATUSSHOLIKAH,P
BARKAH AHMADI,L
MUFID ABDULLAH,L
BINTI URROFAH,P
MUKTARUDIN,L
ZULKARNAIN Z,L
SETIO UTOMO,L
AHMAD ADHA,L
SILVIA,P
I MADE SRI PURWANTI,P
TONI KUSWOYO,L
SRI LESTARI,P
EKO JUNIANTO,L
LITA LESI,P
SUHARTI,P
KARSO REJO,L
SUYOTO,L
RIKI TRIYONO,L
SRI LESTARI,P
DALYONO,L
MURYATI,P
TUMINAH,P
TRI SUMARAH,P
NUNUNG FITRIANI,P
KOIRUL MANAN,L
SUPARMI,P
SOPIAN SORI,L
WARTINI,P
AINUN WAFFA SALSABILLA,P
HUDI WINARSO,L
DWI SENTIANTINI,P
SULARNA,L
SUMIATI,P
ANDI SUSANTO,L
SURIANI,P
ADNAN KASIDI,L
SUTARTI,P
NATASYA AURA NANDHITA,P
ANDANG TRIYANTO,L
AZKA DIMAS MAULANA,L
SRI WIDAYATI,P
SUPARNO,L
HIMAWAN SUTOMO,L
SARJIYEM,P
GATOT SUYONO,L
UDANSIH SUPRIATIN,P
YETI NUR ANI,P
BAGIYO,L
NAILA MUTHI ADDINA,P
TUTI DARYANTI,P
ROSIWAN,L
LILIK SUYANTI,P
TUKIJO,L
KASTI,P
KALMAN,L
SUSI ARIANTI,P
JARLIAN,L
RIANI,P
PUTUT WISNU WARDANA  SP,L
DEBBI SAPUTRA,L
INDAH SURYAWATI,P
MAKMURI,L
SITI HAWA,P
A. MU'AZ,L
SUYADI,L
BAMBANG WISNU HARYADI,L
ANGGUN FITRIYANI,P
SUPAWIT,P
HUDI WALUYO,L
AULIYA SHAFIRA PUTRI,P
SUYATI,P
SANTO PRAYOGA,L
TARMINI,P
SUPARNO,L
BONO EKO SUPARNO PUTRO,L
EDDY E.S.P,L
SANGGITA DWILYA SUPARNO PUTRI,P
PURWATI,P
BELLA SUPARNO PUTRA,P
WARTONO,L
TITI DWI JAYANTI,P
YATINAH,P
HARDI,L
M. FAISAL ABDA'U,L
KARMIJAH,P
SEMI,P
SUWARNO,L
ARI IRAWANTO,L
SUWARTI,P
EVA APRIYANTI,P
SISWADI,L
MUHAMMAD SURYA JAYA,L
SARMINI,P
NASIP PRAYOGO,L
ERDA MAULIDIYA PUSPITA RIA,P
SUWARNI,P
ROY SANJAYA,L
SUBARDI,L
RASIDAH,P
WARAS,L
ARI WIBOWO,L
WAGIYEM,P
BOINEM,P
WAGIMIN,L
SEPTI SUGIANTI,P
SUTIO,L
MITA FEBRIANTI,P
MIA HIDAYATI,P
SULASTRI NINGSIH,P
SUMARDI,L
TAMIYEM,P
ATIK ASISKA,P
VIVI FAUZI,P
SUWARDI,L
PUNGKI HIDAYAT,L
ANDY TRIYANTO,L
WARSI,P
NASTY FEBRIANI,P
MARTINI,P
PUTRI SETIANINGRUM,P
JANNATI,P
SERIANA,P
DINDA GUSTINA,P
MULIA TRISKA PUTRI,P
SYAROFUDDIN,L
LAILY ROUDLOTUL MUSTA'IDAH,P
MASRUROH,P
TAUFIK ADHA ISRANA,L
TRI HARYONO,L
DANANG MIFTAHUL HUDA,L
KARTINAH,P
SATINEM,P
WARSINAH,P
MUKINEM,P
GATOT SUTARTO,L
DEWI PURWANTI,P
TUKIRAN,L
SUMIYEM,P
SUTOYO EFENDI,L
YULIATI,P
WARSITO,L
ANGGY GUSTIAN,L
IKWANTI,P
SULAHNO,L
WARSIYEM,P
SUTARJO,L
TUHAIYA,P
ISMIATI,P
EMILIA PUTRI,P
MILIYAN,L
SURATIMAH,P
PURGIONO,L
RATNA WATI,P
JIMON,L
SUYANTO,L
SUGIYEM,P
TUKIYEM,P
UNTUNG PRANOTO,L
HATIF FADLANSYAH,L
YENNI MARYANTI,P
SAIRIN WIJAYA,L
BAYU PANDIANGAN,L
WIDIA PANGESTIKA,P
KASIEM,P
MARTONO,L
MISRADI,L
EWA ADI SAPUTRA,L
TESA KURNIAWAN SAPUTRA,L
SAKIYEM,P
FIKI ARISANDI,L
HERRY DWI INDRIYANTO,L
WAHYU RISTININGSIH,P
SUDIMAN,L
JUWITA MAYRENDA,P
YUYUN SRI WAHYUNI,P
WANDA RISKI RAHAYU,P
SUWAJI,L
ABDUL HAMID,L
MARSINI,P
WAHYU SARNYOTO,L
HAILAN RUDI STGN,L
NETTY BR SIMANJUNTAK,P
RUSWANTO,L
ENDANG JULIO,L
ETIKA PURNAMA SARI,P
ADNAN RAFLI,L
MEKAR PRIMANTARI,P
EKA DESTI ANJAR SARI,P
FERRY ARDI SAPUTRA,L
SUARDI,L
HENDRI PRAYETNO,L
SILVIA MELIA WULANDARI,P
ERWIN APRIYANTO,L
DODI PRAHMA,L
DEA PURWATI,P
MUHAMMAD JAFAR SHODIQ,L
RIRIN RETNO PALUPI,P
BENNY HENDRATNO,L
WINDA MANDASARI,P
MIKE VAN HOVE.SP,L
ENNY SUWASNO,P
WISESA ADJIE WIBISONO,L
JOKO SUTRISNO,L
AMIRUDIN,L
SUYATMI,P
KHAKE GARIN BINTORO,L
GALIH KUNTORO,L
KAWIYEM,P
SUPRIONO,L
SITI SUDARWATI,P
MUHAMMAD KHARIS PRIO.P,L
DARWANTO,L
RUSMIATI,P
EDO PRATAMA PUTRA,L
DWI PUTRI UTAMI,P
DARYONO,L
ELLY ASTUTI,P
TEDI YOGA MUSTIKA,L
TRI NANI APRIANI,P
KLIJO,L
RATINEM,P
TESYA MUTIARA DEWI,P
SUHARTANTO,L
SITI AWALIYAH,P
WAGINEM,P
SHINTA FEBRIANI,P
DIDI SETIAWAN,L
ERNI MARLUPI,P
WAGINEM,P
SARIPAN,L
MUJINEM,P
MUHAMMAD MAULANA TAWAR,L
RANI MARTATI,P
DEVITA MAHARDILLA,P
MARGITO,L
TITIN SULISTIANI,P
MUNIR M.BALSAM,L
KASNIATI,P
INNEKE MURNIATI,P
AKHMAD,L
NISWATI ZULFAH,P
MEUTHIA HANDAYANI,P
IBRAHIM ISNAN ABDULLAH,L
PRITA PUSPITA SARI,P
AMALIA NAILUL HUSNA,P
MARYONO,L
SRI TATIK RAHAYU,P
SENO SUBALI,L
SINTA SUKMA,P
SUDAYDO,L
SITI JUMIATI,P
ROMADI,L
USWATUN HASANAH,P
WAHYU JULIANTO,L
ELVI ROOSIZKA.S.Amd.Keb,P
AHMAD NURSUDIN,L
SUPINAH,P
DWI ANTORO,L
SUHARTO,L
INDRA,L
SABIYAH,P
ANCE FITRIANI,P
SRI MARYATI,P
EKO PRIYONO,L
RUBINEM,P
MARYANTI,P
MUSTOFA,L
BUAMIN,L
SUPARNO,L
SUGIANTO,L
RIA HERAWATI,P
TUGIAT,L
DEWI SUCIATIN,P
METRYANI,P
DEDI PURWANTO,L
EKI MOKO SUSANTO,L
MARDIAH,P
EKO PRIYANTO,L
LINDA SAFITRI,P
YULIANTO,L
NERI SUSANTI,P
CANDRA JUNI AFRIANTO,L
RIKA LESTARI,L
ENDANG WAHYU,L
ANDA TRI ADITYA,L
DARMAYANTI,P
SUMIATI,P
SUPANDI,L
SUYATMI,P
NUR MUGIYANTI,P
KHORINA ZULFIKA,P
HENI SUMANI,P
TEDI ZULFADLI,L
SUGIATNO,L
RISKI PRATAMA,L
FEBI DWI YANTI,P
DINA MERISKA,P
TEDY ZULFADLI,L
HERU SANTO,L
DONI IRAWAN,L
NURUL KHOIRIYAH,P
ROYAN FAUZI,L
SUWARTONO,L
SUKIMI,P
MISBAHUL FALAH,L
WAHYU EKA SAPUTRA,L
SANIAH,P
KASIAH,P
SUKARLAN,L
MIYANTI,P
ZAHROTUL MUALLIFAH,P
DEDI PUTRA,L
DESI PITRI NINGSIH,P
DARMO WIYONO,L
ANDIKA. M. DONI DAMARA,L
SAMINEM,P
LULUK PUNGKI PURBASARI,P
SITI AMINAH,P
TOTTO PRAYITNO,L
DEWI KURNIASIH,P
SARIDI,L
NGATI,P
LIVIA UTARI,P
ATMO SUDIRO,L
LUGINEM,P
SUWARJO,L
SYEKAH ALFAD ABI NUR IMAN,L
SUWARTI,P
SUHERMAN,L
TITI SUNDARI,P
ABDUL HAMID,L
ARIYANTI,P
ARBET NURANI,L
UMAR BANGUN,L
GEMA RAMADANI ICHKWANA,L
EISKA LESTARI IST IKHWANI,P
TUGINAH,P
SULISTIO,L
SATRIA SAKA PRATAMA,L
MUTMAINAH,P
AISYAH INKA MEI,P
JUNAIDI,L
WIDODO,L
WIJIANTI,P
MUHAMAD SHOLEH,L
ARIE SUTIYEM,P
NOVITA SARI,P
BAIKONI,L
MUHAMMAT BENY,L
ABI AGAM,L
SUMAMI,P
RIO IRAWAN,L
MUHAMMAD ADITIA SAPUTRA,L
ANISA SUWARTO,P
WAGIARSI,P
DEDE MULYANA,L
ANNAS SHOLIHAT MULYA NINGSIH,P
LINGGA OKTAVIA MULYA PUTRI,P
NORMA SOFIANI,P
WASTRO,L
NGATOYO,L
ADI SURYADI,L
SUKIYEM,P
CIPTO NARJONO,L
SAMA RIA KAMEK,L
HARJONO,L
TENTREM,P
ABDULLAH MARA AZIZ,L
MAIMIN,L
NOVRIAN PANDU KUSUMA,L
TUMIEM,P
SADIMIN,L
ADEK AHMAD SALEH,L
M. ROFEK,L
SYARIFUDDIN IDRIS,L
ROMLAH,P
AGUS SULIS TIANI,P
SARIMAN,L
SURAMI,P
NURHASANAH,P
M. JUNI SETIAWAN,L
SUKAMTO,L
KASINI,P
MIONO,L
SHELLA SHAVIRA JULIANTI ASTUTI,P
SUGIARTI,P
SAAN,L
GINEM,P
IMAM HAMBALI,L
SHELLY MELIANTY,P
SUKARNO,L
KALIYEM,P
DARWATI,P
BUDI ISTANTO,L
SUSANTI,P
SUWADI,L
SARINAH,P
WENDI KURNIAWAN,L
KARTINI WINDARI,P
DEDI HERMANTO,L
ANITA SARI,P
AGUS NGADINO,L
DESMAWATI,P
BAHTIAR,L
JAMIO,L
SURIANA,P
ACHMAD NURDIN,L
LENA ANGGRAINI,P
ANWAR GUNAWAN,L
YAHRI,P
DARYANTI,P
JAFAN HARTANTO,L
FARUK YARJUNA. R,L
KIRMIASIH,P
INDAH NURA'ISAH,P
H. NURA LIMA,P
SUPARMAN,L
UMI KALSUM,P
ULI ROSIDAH,P
SUPINAH,P
SURONO,L
LESTARI,P
TEGUH SUSANTO,L
BIMA SAPUTRA,L
SUMINI,P
SUKHRAWARDI,L
FIKRI HAIKAL,L
SURATMI,P
GANIK,L
TUTUS SIDIK KURNIAWAN,L
SUPRIHATIN,P
DALDIRI,L
REDNO ADIANTO,L
SUGIARTI,P
SURYANTO,L
SUDARSIH,P
VERA VIONITA PRAMESWARI,P
JOKO LELONO,L
SUHARTINI,P
YUNI RATNA WILIS,P
JIANTORO,L
DARYANI,P
JUMADI,L
NIVIA RATI,P
SURATI,P
MUGIONO,L
SUWARNI,P
SAFIN,L
PURWANTI,P
SITI DIAN PRATIWI,P
TIARA RETNO SARI,P
TUGINO,L
RUBIYEM,P
SLAMET,L
HARJINAH,P
SUNDARI RATNA SARI,P
KATNO,L
HABIBUROHMAN,L
SRI HARTATI,P
NUNUNG YUNIARTI,P
CUCU HIDAYAT,L
ANIH HARYANI,P
RUBINO,L
APRILIA RIFKI SILVIANI,P
SUNARNI,P
ABADI,L
RINA WATI,P
TRIONO SUSENO,L
ARIESTA DWI HARIYADI,L
HARIT ANANDA LIBRATA,L
SRI WINARNI,P
IRVAN SUHADI,L
SUDAR WANTI,P
VENTI SEPTIANGGI,P
SUKIRAN,L
SITI ROKHAYAH,P
RATNA FRATIWI,P
MUTOHIRIN,L
CHAERUDIN,L
UCI EFFENDI,L
SUPARTINAH,P
ROSDAINI,P
SUKARMAN,L
RAKIYEM,P
MIRAWATI,P
WALUYO,L
RIDHO KURNIANTO,L
RESTU FADILAH,L
FADHLI KURNIA,L
M. ROSYID KURNIAWAN,L
JUNAIDA,P
ANHARI QOMAR ZAHABI,L
HERO TUKIMAN,L
INNA NURHASANAH,P
RIYA WALADU SITA,P
TIYA RIFQI ARISTA,P
FEGI DWIPUTRA NUGRAHA,L
KURNIA,L
FIRMAN TIKAPUTRA,L
ATHIKA ULFAH PUTRI,P
TUSNAWATI,P
JUMANI,L
RITA,P
AHMAT YUSUF EFENDI,L
ASKIRAN,L
OKTRI MARYELLY,P
KOKOH INDRATAMA,L
OKTRY MARYELLY,P
AGUS SUPARDI,L
NURLAILI,P
GIYEM,P
SUKIJO,L
SUKIMAN,L
SUMARNINGSIH,P
